{
  "$schema": "https://json.schemastore.org/nest-cli",
  "collection": "@nestjs/schematics",
  "sourceRoot": "apps/microservicio/src",
  "compilerOptions": {
    "deleteOutDir": true,
    "webpack": true,
    "tsConfigPath": "apps/microservicio/tsconfig.app.json"
  },
  "monorepo": true,
  "root": "apps/microservicio",
  "projects": {
    "microservicio": {
      "type": "application",
      "root": "apps/microservicio",
      "entryFile": "main",
      "sourceRoot": "apps/microservicio/src",
      "compilerOptions": {
        "tsConfigPath": "apps/microservicio/tsconfig.app.json"
      }
    },
    "mailapp": {
      "type": "application",
      "root": "apps/mailapp",
      "entryFile": "main",
      "sourceRoot": "apps/mailapp/src",
      "compilerOptions": {
        "tsConfigPath": "apps/mailapp/tsconfig.app.json"
      }
    }
  }
}